[
    {
        "id": "C1",
        "heure_debut": "08:00",
        "heure_fin": "10:00",
        "label": "08h00 - 10h00"
    },
    {
        "id": "C2",
        "heure_debut": "10:00",
        "heure_fin": "12:00",
        "label": "10h00 - 12h00"
    },
    {
        "id": "C3",
        "heure_debut": "14:00",
        "heure_fin": "16:00",
        "label": "14h00 - 16h00"
    },
    {
        "id": "C4",
        "heure_debut": "16:00",
        "heure_fin": "18:00",
        "label": "16h00 - 18h00"
    }
]