[
    {
        "id": "RES9954A41A",
        "enseignant_id": "E001",
        "salle_id": "S003",
        "creneau_id": "C4",
        "jour": "vendredi",
        "date": "2026-01-15",
        "motif": "test de ",
        "statut": "acceptee"
    },
    {
        "id": "RES7BE3BF91",
        "enseignant_id": "E002",
        "salle_id": "S002",
        "creneau_id": "C1",
        "jour": "lundi",
        "date": "2026-01-23",
        "motif": "Seance de ratrappage",
        "statut": "en_attente"
    }
]