[
    {
        "id": "SEAA8545F80",
        "module_id": "M001",
        "salle_id": "S002",
        "creneau_id": "C1",
        "jour": "lundi",
        "groupe_id": "G001",
        "enseignant_id": "E001"
    },
    {
        "id": "SEAA982BDA2",
        "module_id": "M001",
        "salle_id": "S002",
        "creneau_id": "C2",
        "jour": "lundi",
        "groupe_id": "G002",
        "enseignant_id": "E001"
    },
    {
        "id": "SEAAFB4614A",
        "module_id": "M002",
        "salle_id": "S004",
        "creneau_id": "C1",
        "jour": "mardi",
        "groupe_id": "G001",
        "enseignant_id": "E002"
    },
    {
        "id": "SEA790C2E68",
        "module_id": "M002",
        "salle_id": "S004",
        "creneau_id": "C2",
        "jour": "mardi",
        "groupe_id": "G002",
        "enseignant_id": "E002"
    },
    {
        "id": "SEAAEFB13CB",
        "module_id": "M003",
        "salle_id": "S008",
        "creneau_id": "C1",
        "jour": "mercredi",
        "groupe_id": "G001",
        "enseignant_id": "E001"
    },
    {
        "id": "SEA626359CA",
        "module_id": "M003",
        "salle_id": "S008",
        "creneau_id": "C2",
        "jour": "mercredi",
        "groupe_id": "G002",
        "enseignant_id": "E001"
    },
    {
        "id": "SEA99A8EFDF",
        "module_id": "M004",
        "salle_id": "S008",
        "creneau_id": "C1",
        "jour": "jeudi",
        "groupe_id": "G001",
        "enseignant_id": "E003"
    },
    {
        "id": "SEA62E6B387",
        "module_id": "M004",
        "salle_id": "S008",
        "creneau_id": "C2",
        "jour": "jeudi",
        "groupe_id": "G002",
        "enseignant_id": "E003"
    },
    {
        "id": "SEAA6FCE9E8",
        "module_id": "M005",
        "salle_id": "S004",
        "creneau_id": "C1",
        "jour": "vendredi",
        "groupe_id": "G001",
        "enseignant_id": "E002"
    },
    {
        "id": "SEA1BF96E24",
        "module_id": "M005",
        "salle_id": "S004",
        "creneau_id": "C2",
        "jour": "vendredi",
        "groupe_id": "G002",
        "enseignant_id": "E002"
    },
    {
        "id": "SEA12AEDB4E",
        "module_id": "M006",
        "salle_id": "S004",
        "creneau_id": "C2",
        "jour": "lundi",
        "groupe_id": "G001",
        "enseignant_id": "E003"
    },
    {
        "id": "SEAD656382A",
        "module_id": "M006",
        "salle_id": "S004",
        "creneau_id": "C1",
        "jour": "lundi",
        "groupe_id": "G002",
        "enseignant_id": "E003"
    },
    {
        "id": "SEA2FEBA336",
        "module_id": "M007",
        "salle_id": "S003",
        "creneau_id": "C1",
        "jour": "lundi",
        "groupe_id": "G003",
        "enseignant_id": "E002"
    },
    {
        "id": "SEA440BBF31",
        "module_id": "M007",
        "salle_id": "S003",
        "creneau_id": "C2",
        "jour": "lundi",
        "groupe_id": "G004",
        "enseignant_id": "E002"
    },
    {
        "id": "SEACFE6926F",
        "module_id": "M008",
        "salle_id": "S006",
        "creneau_id": "C1",
        "jour": "mardi",
        "groupe_id": "G003",
        "enseignant_id": "E001"
    },
    {
        "id": "SEA6E241871",
        "module_id": "M008",
        "salle_id": "S008",
        "creneau_id": "C2",
        "jour": "mardi",
        "groupe_id": "G004",
        "enseignant_id": "E001"
    },
    {
        "id": "SEA5D1E09B3",
        "module_id": "M009",
        "salle_id": "S006",
        "creneau_id": "C1",
        "jour": "mercredi",
        "groupe_id": "G003",
        "enseignant_id": "E002"
    },
    {
        "id": "SEAE3206297",
        "module_id": "M009",
        "salle_id": "S006",
        "creneau_id": "C2",
        "jour": "mercredi",
        "groupe_id": "G004",
        "enseignant_id": "E002"
    },
    {
        "id": "SEA2CA99E3C",
        "module_id": "M010",
        "salle_id": "S006",
        "creneau_id": "C1",
        "jour": "vendredi",
        "groupe_id": "G003",
        "enseignant_id": "E003"
    },
    {
        "id": "SEA3D5F6409",
        "module_id": "M010",
        "salle_id": "S008",
        "creneau_id": "C2",
        "jour": "vendredi",
        "groupe_id": "G004",
        "enseignant_id": "E003"
    },
    {
        "id": "SEA30A4F244",
        "module_id": "M011",
        "salle_id": "S002",
        "creneau_id": "C1",
        "jour": "jeudi",
        "groupe_id": "G003",
        "enseignant_id": "E001"
    },
    {
        "id": "SEA59A51C60",
        "module_id": "M011",
        "salle_id": "S002",
        "creneau_id": "C2",
        "jour": "jeudi",
        "groupe_id": "G004",
        "enseignant_id": "E001"
    },
    {
        "id": "SEA6B556B10",
        "module_id": "M012",
        "salle_id": "S003",
        "creneau_id": "C2",
        "jour": "mardi",
        "groupe_id": "G003",
        "enseignant_id": "E003"
    },
    {
        "id": "SEAD9E6ABF6",
        "module_id": "M012",
        "salle_id": "S003",
        "creneau_id": "C1",
        "jour": "mardi",
        "groupe_id": "G004",
        "enseignant_id": "E003"
    }
]